% Model,modes.mph
% Version,COMSOL 5.2.0.220
% Date,"Apr 14 2016, 13:27"
% Table,Table 1 - Global Evaluation 1 (rp)
% w_RR1,w_slab,lambda,real(rp) (1)
0.18,0.020000000000000018,-3.703517841027742E-5-3985827.6884522215i,16.245211058882276
0.18,0.020000000000000018,5.7496033768582555E-5-3991233.2769555026i,-23.258575066459436
0.18,0.020000000000000018,-2.2485524972812844E-8-4045325.254848425i,-1500.0711019994656
0.18,0.020000000000000018,5.358313211540158E-10-4068662.195295887i,6.582004489504514E-4
0.18,0.03000000000000002,2.6790610433106968E-5-3985829.238196227i,16.143827383781158
0.18,0.03000000000000002,5.1598610827804986E-5-3991266.18025642i,-28.53875015127321
0.18,0.03000000000000002,4.036423984680173E-9-4045518.523500636i,-408.5594388349094
0.18,0.03000000000000002,-9.927829538157633E-10-4069153.6125162635i,0.0024185335773251096
0.18,0.04000000000000002,-4.414111252840731E-5-3985869.457619112i,-1890.5807305054905
0.18,0.04000000000000002,1.0572245365914315E-5-3991543.8943111445i,-10.345249189163432
0.18,0.04000000000000002,2.6380264885231303E-9-4048999.2757640616i,8.361978655845636
0.18,0.04000000000000002,-4072430.994469717i,-0.11901478956806444
0.18,0.05000000000000002,-3.4700657968393585E-4-3985922.3566980124i,-17.15623396048696
0.18,0.05000000000000002,-4.550881888591927E-4-3991891.5680541075i,-7.207402783468375
0.18,0.05000000000000002,-7.2676714310691276E-9-4053226.021495364i,3.614197600255618
0.18,0.05000000000000002,-4077603.117469014i,-0.27540578097746493
0.18,0.06000000000000002,6.890655308265241E-5-3985988.477637983i,-9.019404838085872
0.18,0.06000000000000002,2.345003038621668E-4-3992277.086076231i,-5.779603632062444
0.18,0.06000000000000002,9.761756785162905E-10-4057672.7559141363i,2.0816406855460983
0.18,0.06000000000000002,1.6499194209179132E-9-4085306.374757901i,-0.4783139949317784
0.18,0.07000000000000002,9.727787108191826E-4-3986070.062267703i,-6.312907862463174
0.18,0.07000000000000002,0.0011865821932784861-3992696.3375351676i,-5.052020575480018
0.18,0.07000000000000002,3.547547243661679E-9-4061822.995352126i,1.3814702713463598
0.18,0.07000000000000002,-4096976.9971583504i,-0.7210693413192725
0.18,0.08000000000000002,-0.0021098557921644225-3986171.289718236i,-4.976397306980274
0.18,0.08000000000000002,-0.0036530356297212823-3993165.617116758i,-4.592786130696147
0.18,0.08000000000000002,-8.425577634360011E-10-4065455.7426940086i,1.0162111333683637
0.18,0.08000000000000002,-1.0706024881470738E-9-4114653.907105461i,-0.9807699323824297
0.18,0.09000000000000002,1.543017354369362E-4-3986297.6630230653i,-4.210991118827754
0.18,0.09000000000000002,1.6136829186469388E-4-3993662.4714403967i,-4.346703488156477
0.18,0.09000000000000002,7.947439726346015E-10-4068608.0297779106i,0.8081926158036267
0.18,0.09000000000000002,1.0353416982853483E-9-4139824.05485985i,-1.2340457981333037
0.18,0.10000000000000002,-7.948949716786666E-5-3986455.9756532325i,-3.710526810765554
0.18,0.10000000000000002,-1.7003590520607882E-4-3994216.320412862i,-4.163906955132635
0.18,0.10000000000000002,-4071400.7908812957i,0.6777174205964189
0.18,0.10000000000000002,1.1383847732303987E-9-4175666.0747928126i,-1.4724377003222187
0.18,0.11000000000000001,-0.002258426354055805-3986657.5460119336i,-3.371604076797913
0.18,0.11000000000000001,8.575993204796146E-4-3994803.9152593846i,-4.1338214672082385
0.18,0.11000000000000001,-4074016.8944698973i,0.5880027148699527
0.18,0.11000000000000001,-4224529.420056573i,-1.6977988281992935
0.18,0.12000000000000002,-8.252935942322126E-4-3986913.929637535i,-3.124603224866518
0.18,0.12000000000000002,5.932092367662828E-4-3995471.025308285i,-4.113552365981103
0.18,0.12000000000000002,2.064367859627595E-9-4076445.0751647227i,0.5233759573679292
0.18,0.12000000000000002,-4291314.43358938i,-1.907534769047476
0.18,0.13,0.002762042300753126-3987243.428029391i,-2.9355230157959262
0.18,0.13,0.0010655795076854385-3996221.4415380857i,-4.244524397273813
0.18,0.13,-1.5640723493788462E-9-4079107.961601018i,0.4734682747057221
0.18,0.13,-4380099.543384314i,-2.107568619394163
0.18,0.14,-6.370998353188759E-4-3987653.889586606i,-2.817493269014622
0.18,0.14,0.0010664795611667359-3997000.7364362213i,-4.333703813338367
0.18,0.14,-5.874270948783664E-10-4081449.46381625i,0.4336798620293275
0.18,0.14,-4491776.663969649i,-2.299977664373901
0.18,0.15000000000000002,-0.002811672391327864-3988163.321805576i,-2.7307799752647335
0.18,0.15000000000000002,1.9691732351371568E-5-3997881.021236675i,-4.471428755625983
0.18,0.15000000000000002,-4083886.5762167475i,0.4013819755823614
0.18,0.15000000000000002,-4632057.4479996385i,-2.4835500144257776
0.18,0.16000000000000003,-4.070546527436282E-4-3988778.3092395877i,-2.676435967807539
0.18,0.16000000000000003,0.009670366402814875-3998692.9762416976i,-4.682278392828478
0.18,0.16000000000000003,-4086126.383240769i,0.37422679377904816
0.18,0.16000000000000003,-4793505.911425831i,-2.664136264599827
0.18,0.17,3.270111546684554E-4-3989473.8454578756i,-2.6534607925641636
0.18,0.17,-6.098386846525347E-4-3999492.45489178i,-4.8403850738521115
0.18,0.17,-4087782.6938801906i,0.35188631600043496
0.18,0.17,-4974624.215686595i,-2.836183538417489
0.18,0.18000000000000002,0.004713382038355034-3990211.257763438i,-2.6411586513465375
0.18,0.18000000000000002,4.7088916204310354E-4-4000372.3245141055i,-5.166129300763893
0.18,0.18000000000000002,-1.7137507701107164E-9-4090150.0721578016i,0.33137518220862683
0.18,0.18000000000000002,-5171198.465393467i,-3.0136346219986754
0.18,0.19000000000000003,-9.545415459410651E-4-3990961.0521521694i,-2.6365757020668354
0.18,0.19000000000000003,2.1760460947636677E-4-4001246.9126125094i,-5.56893108402316
0.18,0.19000000000000003,-4092395.5809442047i,0.3134452260607263
0.18,0.19000000000000003,-5374251.729038145i,-3.187850198573788
0.18,0.2,6.112233194993884E-4-3991711.30951391i,-2.6403951411215347
0.18,0.2,8.715028968530388E-4-4002112.527434709i,-6.090199908476423
0.18,0.2,5.693266129190512E-10-4094642.914928505i,0.29725011164278975
0.18,0.2,-5575565.592318631i,-3.3639983099631325
0.18,0.21000000000000002,-0.0019102884627942207-3992451.9177943156i,-2.6502647289940433
0.18,0.21000000000000002,-5.267008410128831E-4-4002972.5181015884i,-6.762130974126445
0.18,0.21000000000000002,-4096878.520188841i,0.28266628978270386
0.18,0.21000000000000002,-5770899.809566864i,-3.540785543724174
0.18,0.22000000000000003,5.765133236736506E-4-3993183.1972253714i,-2.662675671558222
0.18,0.22000000000000003,-1.0825543703529443E-4-4003834.9557861844i,-7.711938911868044
0.18,0.22000000000000003,-4099200.3630586313i,0.26935485199167347
0.18,0.22000000000000003,-5957020.421419533i,-3.7173764719340614
0.18,0.23,-2.621675073123109E-4-3993901.7202753713i,-2.6619370144485726
0.18,0.23,-1.6670034275499877E-4-4004750.823665034i,-9.558834293547742
0.18,0.23,-4102235.4015644235i,0.2564320969195251
0.18,0.23,-6132542.256984318i,-3.9022969677245065
0.18,0.24000000000000002,0.00277891752512111-3994627.863133384i,-2.675695219095888
0.18,0.24000000000000002,6.200417193913414E-5-4005642.1091404506i,-12.320519870859577
0.18,0.24000000000000002,5.64205939068599E-10-4104759.3533319514i,0.24537298002811478
0.18,0.24000000000000002,-6298584.535179714i,-4.072885203931624
0.18,0.25,0.004560240655390256-3995365.140144617i,-2.7079335698939984
0.18,0.25,-2.6183500572477984E-4-4006607.5068214033i,-18.40952089607422
0.18,0.25,-1.1241464422965604E-9-4107335.684536898i,0.2348073734271871
0.18,0.25,-6451412.472187393i,-4.250384309500203
0.18,0.26,9.245285637675855E-4-3984100.166413554i,-1.5159515415674054
0.18,0.26,-0.007061420076325587-3996095.418011524i,-2.74293469963449
0.18,0.26,6.36621189015475E-5-4007603.8146583154i,-43.43755540399088
0.18,0.26,6.847996327689345E-10-4109942.3577199345i,0.22478729171469966
0.18,0.27,0.0010728410442279754-3984200.134988075i,-1.4776051347307586
0.18,0.27,-1.362743811526438E-4-3996821.3647656143i,-2.789501349761104
0.18,0.27,-2.607647775224987E-4-4008639.8255415084i,79.90519151626836
0.18,0.27,9.186895615073629E-10-4112480.1867981856i,0.21499750692089123
0.19,0.020000000000000018,-1.4431858092915872E-4-3985905.7302185753i,17.736855656763048
0.19,0.020000000000000018,4.721487568169112E-5-3991814.9524753676i,-26.218787080198812
0.19,0.020000000000000018,-1.9860726248251997E-8-4052751.172184825i,-1237.7181677935391
0.19,0.020000000000000018,-1.487709127373001E-9-4075852.655607921i,7.976383446862517E-4
0.19,0.03000000000000002,0.0028210485039545335-3985905.2782043326i,17.717677658660808
0.19,0.03000000000000002,6.32815629552133E-6-3991810.664884318i,-26.265384030250097
0.19,0.03000000000000002,-5.271973927059195E-9-4052709.4510270804i,-1044.257555886139
0.19,0.03000000000000002,-8.848851967952444E-10-4075774.7381192856i,9.469152918778687E-4
0.19,0.04000000000000002,-3.4318046926311557E-4-3985907.026857691i,17.702211443337077
0.19,0.04000000000000002,-1.770176258117567E-4-3991848.789899476i,-33.00415468464305
0.19,0.04000000000000002,5.227176889399059E-9-4052963.9800857063i,-383.84912217396266
0.19,0.04000000000000002,9.85141581423447E-10-4076326.8384082i,0.002572820859914574
0.19,0.05000000000000002,2.4904455911022857E-4-3985957.7090558885i,-198.32157456607115
0.19,0.05000000000000002,-5.207988978571323E-4-3992148.154672787i,-10.651438699598096
0.19,0.05000000000000002,-5.811707533146829E-7-4057846.476910308i,6.114626112153942
0.19,0.05000000000000002,1.4789517611803507E-9-4080313.308395i,-0.1628526003056707
0.19,0.06000000000000002,-5.2301533630620045E-5-3986024.6829183754i,-15.967146477630095
0.19,0.06000000000000002,-7.761869942708831E-4-3992532.220475147i,-7.2198316744333555
0.19,0.06000000000000002,2.9515842185311506E-9-4063386.7061280003i,2.527790527739045
0.19,0.06000000000000002,-4087429.057886072i,-0.3941524025662755
0.19,0.07000000000000002,0.004643698367976768-3986108.133168194i,-8.697957738440032
0.19,0.07000000000000002,0.0011103168576932112-3992951.178737664i,-5.830766830920461
0.19,0.07000000000000002,2.063378384556812E-9-4068403.4227324873i,1.453125100740454
0.19,0.07000000000000002,-4098891.4520545877i,-0.686144398759631
0.19,0.08000000000000002,2.5210591246738423E-4-3986213.715967346i,-6.152230186358437
0.19,0.08000000000000002,1.975637599534109E-5-3993426.761038242i,-5.027350793966766
0.19,0.08000000000000002,-4072550.548248016i,1.0016895444504796
0.19,0.08000000000000002,-5.32245365240608E-10-4117194.7489396525i,-0.9962271171675658
0.19,0.09000000000000002,4.1181520289597313E-4-3986345.1911832546i,-4.877146186267965
0.19,0.09000000000000002,3.0975751966320014E-4-3993950.7841947414i,-4.626601598496779
0.19,0.09000000000000002,1.1115553479204932E-9-4075957.8507325426i,0.778506894998203
0.19,0.09000000000000002,5.095551729924613E-10-4144062.228662992i,-1.2829067903522382
0.19,0.10000000000000002,-0.0010318256906906194-3986512.753192946i,-4.134996193790501
0.19,0.10000000000000002,2.9394131747865506E-4-3994506.726514871i,-4.360235605709876
0.19,0.10000000000000002,7.628241433076723E-10-4078845.6785000926i,0.6487171798605074
0.19,0.10000000000000002,-4181704.7034744374i,-1.5409076735645184
0.19,0.11000000000000001,0.0017721139372913455-3986725.686314419i,-3.6490162289753374
0.19,0.11000000000000001,-0.001345590053013187-3995126.1763043394i,-4.195016382064449
0.19,0.11000000000000001,-4081496.9003024627i,0.5650850671026154
0.19,0.11000000000000001,-4233920.148180114i,-1.7700289599252301
0.19,0.12000000000000002,8.418015542492646E-4-3987000.6206709486i,-3.3288296739393357
0.19,0.12000000000000002,-0.001585557743598692-3995792.4395051613i,-4.119084039237896
0.19,0.12000000000000002,-4083999.646055743i,0.5047349470999234
0.19,0.12000000000000002,-4303963.125460284i,-1.9825958263765722
0.19,0.13,-3.4485746905559515E-4-3987352.234164217i,-3.098899032247508
0.19,0.13,3.1809018452921904E-4-3996528.8276074925i,-4.145926973613631
0.19,0.13,-5.778508535021247E-10-4086450.6373400744i,0.4592967526236278
0.19,0.13,-4396017.264200311i,-2.179275042657078
0.19,0.14,-0.004563956288413177-3987797.7110690954i,-2.928957925640887
0.19,0.14,4.693326919046244E-4-3997344.2447833954i,-4.325713399658
0.19,0.14,-4089170.664055009i,0.4224172574062286
0.19,0.14,-4514326.294156902i,-2.368996796360811
0.19,0.15000000000000002,0.006263190845702007-3988340.4713467755i,-2.826430566491844
0.19,0.15000000000000002,-6.806271867906102E-4-3998243.6703537586i,-4.395105270317359
0.19,0.15000000000000002,-4091631.1755920094i,0.393590863771139
0.19,0.15000000000000002,-4660341.8041894445i,-2.5428653236510166
0.19,0.16000000000000003,-0.0010216479362321522-3988988.9415964107i,-2.760714107900721
0.19,0.16000000000000003,-3.0072750684345553E-4-3999108.4612243525i,-4.5576132619261935
0.19,0.16000000000000003,5.767422351231257E-10-4093938.9728221553i,0.3691476731223271
0.19,0.16000000000000003,-4829934.507853417i,-2.7128240361819103
0.19,0.17,0.0030327809488214013-3989718.3165794117i,-2.7253127053345487
0.19,0.17,0.009582738519733403-3999958.3587819203i,-4.80370497378878
0.19,0.17,1.1443010923669934E-9-4096241.7176577295i,0.34763992609943356
0.19,0.17,-5017706.937568698i,-2.884236494648805
0.19,0.18000000000000002,-4.20093065227142E-4-3990494.8128289427i,-2.716716225160955
0.19,0.18000000000000002,-0.004594105754660001-4000782.7220369554i,-5.014965004621574
0.19,0.18000000000000002,9.4244362974556E-10-4098026.336173331i,0.32970116636393315
0.19,0.18000000000000002,-5217561.362055091i,-3.0476893285791045
0.19,0.19000000000000003,-0.0012174193342821202-3991268.77875206i,-2.7157462373280383
0.19,0.19000000000000003,-2.2239092718487853E-4-4001699.132683488i,-5.377938943238828
0.19,0.19000000000000003,-1.6919518181579215E-9-4100348.2450902043i,0.3130937173075244
0.19,0.19000000000000003,-5425643.647153217i,-3.21441785277218
0.19,0.2,-0.004772370389921717-3992038.1767725004i,-2.7209736772427493
0.19,0.2,-3.84739587130546E-4-4002606.6999984067i,-5.862338471027261
0.19,0.2,7.482091797774927E-10-4102720.577934603i,0.29812088587185037
0.19,0.2,-5631126.351469935i,-3.3814329959456533
0.19,0.21000000000000002,-3.5076718131719193E-4-3992794.8670706535i,-2.733888198733389
0.19,0.21000000000000002,2.0926565082504466E-5-4003510.4222143823i,-6.485869704255114
0.19,0.21000000000000002,9.329097497873682E-10-4104982.9320652285i,0.2845504578085658
0.19,0.21000000000000002,-5829813.383892105i,-3.5483837786051744
0.19,0.22000000000000003,0.0011001898502526262-3993540.298096366i,-2.7472013422819566
0.19,0.22000000000000003,-1.1924972530091585E-4-4004433.206970777i,-7.393679783443474
0.19,0.22000000000000003,-4107424.9246504647i,0.27213600596874205
0.19,0.22000000000000003,-6019079.93926904i,-3.7148499923685647
0.19,0.23,6.08446208214295E-4-3994284.7863753918i,-2.7561378817841375
0.19,0.23,7.976349854676517E-5-4005381.205796084i,-8.892370524924052
0.19,0.23,1.4851728542754609E-9-4110233.265023444i,0.2606155688513541
0.19,0.23,-2.201075146499644E-9-6199104.847284374i,-3.878868272415217
0.19,0.24000000000000002,0.014806359979669937-3995008.1730533806i,-2.7802598024424263
0.19,0.24000000000000002,-3.0127072298067665E-4-4006443.032526782i,-11.698008805802509
0.19,0.24000000000000002,1.1116425467453008E-9-4113105.5179768796i,0.2496076327433741
0.19,0.24000000000000002,-1.2233104854970751E-9-6362402.556503825i,-4.050044281588993
0.19,0.25,-0.0037783724928192194-3995726.2574427444i,-2.8045152052151012
0.19,0.25,1.0821502533513031E-4-4007431.5834747185i,-17.386590444668396
0.19,0.25,-4115723.0889524943i,0.239394036224807
0.19,0.25,-1.0722281818070096E-9-6513713.076320535i,-4.224828470376888
0.19,0.26,-0.002663742492761134-3984135.9910056265i,-1.4526886931221312
0.19,0.26,0.0012807527281466426-3996465.2838979578i,-2.8515870212071905
0.19,0.26,-4.4085444440208224E-5-4008594.3537051636i,-40.33175659901997
0.19,0.26,-4118419.549376576i,0.2299606554379209
0.19,0.27,0.0016097030027994747-3984233.549699746i,-1.4097272860327217
0.19,0.27,-1.6700330574177306E-4-3997183.849468273i,-2.8964344849635433
0.19,0.27,-2.061452059924668E-4-4009789.149335333i,73.03503973021064
0.19,0.27,7.683060207493151E-10-4121141.7779250843i,0.22091905484532295
0.19999999999999998,0.020000000000000018,-2.092175355120347E-4-3986003.8888355736i,19.445657626940296
0.19999999999999998,0.020000000000000018,9.277554388517321E-4-3992446.4410175662i,-30.083006478006904
0.19999999999999998,0.020000000000000018,-1.4259199304510625E-9-4063459.4170751977i,-538.7183952364298
0.19999999999999998,0.020000000000000018,-4084024.3873858433i,0.0018419561092070191
0.19999999999999998,0.03000000000000002,-2.6191879168982723E-4-3986003.714606743i,19.58808320237471
0.19999999999999998,0.03000000000000002,-2.7402752071824964E-4-3992442.7146694493i,-30.32628004144978
0.19999999999999998,0.03000000000000002,-1.2270172663332554E-9-4063431.2697772505i,-1328.983788703106
0.19999999999999998,0.03000000000000002,-4083976.1259739283i,7.401712707244376E-4
0.19999999999999998,0.04000000000000002,-0.0014307472195141018-3986003.3357276204i,19.43403631502848
0.19999999999999998,0.04000000000000002,0.0011693000548048092-3992438.5299043115i,-29.536426000830325
0.19999999999999998,0.04000000000000002,-5.135224444742479E-10-4063385.8094472997i,-552.6017165082357
0.19999999999999998,0.04000000000000002,-4083908.450665337i,0.0017970203574324119
0.19999999999999998,0.05000000000000002,-9.927286784181227E-4-3986005.3895695996i,19.50790233870477
0.19999999999999998,0.05000000000000002,-0.00264651263831893-3992483.857551752i,-36.70718828418642
0.19999999999999998,0.05000000000000002,1.5591035278514086E-9-4063740.389164678i,-311.35784896542464
0.19999999999999998,0.05000000000000002,-4084546.2990140524i,0.003180581309046462
0.19999999999999998,0.06000000000000002,0.00877643673983646-3986070.4589975206i,-103.57301609959767
0.19999999999999998,0.06000000000000002,9.578577468830864E-4-3992806.362928585i,-11.0633471487616
0.19999999999999998,0.06000000000000002,-1.1579083021520374E-9-4070632.303257598i,3.785639109259742
0.19999999999999998,0.06000000000000002,4.907840843081735E-10-4089683.342196733i,-0.263388385945621
0.19999999999999998,0.07000000000000002,0.00346536283903604-3986156.7689772625i,-14.990083728908369
0.19999999999999998,0.07000000000000002,-6.785356424294461E-4-3993227.0676063285i,-7.394487908424411
0.19999999999999998,0.07000000000000002,-1.0467621913699017E-9-4077028.041394234i,1.52218801142203
0.19999999999999998,0.07000000000000002,-4100740.957661266i,-0.6556785258565485
0.19999999999999998,0.08000000000000002,-2.3855398025682544E-4-3986265.9414205505i,-8.41979617512058
0.19999999999999998,0.08000000000000002,1.7870379571582862E-4-3993701.700637548i,-5.905614019190668
0.19999999999999998,0.08000000000000002,-4081594.675358793i,0.9423598512160445
0.19999999999999998,0.08000000000000002,1.2069391053643756E-9-4119735.981367966i,-1.0602617198322004
0.19999999999999998,0.09000000000000002,0.0011418150149870145-3986405.132795112i,-6.014127457095935
0.19999999999999998,0.09000000000000002,0.0010323843595045627-3994225.935576123i,-5.133182236922958
0.19999999999999998,0.09000000000000002,9.972666439642597E-10-4084991.600768934i,0.7151497912815512
0.19999999999999998,0.09000000000000002,-4148325.9239945533i,-1.398670286377122
0.19999999999999998,0.10000000000000002,3.68745961015557E-4-3986581.4480362297i,-4.793255732481099
0.19999999999999998,0.10000000000000002,-2.1605727595990325E-4-3994804.017738036i,-4.642375971934542
0.19999999999999998,0.10000000000000002,-5.487988540331501E-10-4087777.8303945065i,0.5982618784447999
0.19999999999999998,0.10000000000000002,-4188813.4942852673i,-1.6735294514952108
0.19999999999999998,0.11000000000000001,5.5119695351834445E-6-3986809.8118028324i,-4.088010152425546
0.19999999999999998,0.11000000000000001,-2.5420773198959627E-4-3995404.844191911i,-4.37157535677347
0.19999999999999998,0.11000000000000001,-4090276.6152039003i,0.5249967927021516
0.19999999999999998,0.11000000000000001,7.115671509822905E-10-4243516.301578948i,-1.9088206277545998
0.19999999999999998,0.12000000000000002,-0.0013349427183538304-3987104.009754934i,-3.624204030113077
0.19999999999999998,0.12000000000000002,3.964401962981359E-4-3996098.84882087i,-4.259094786019876
0.19999999999999998,0.12000000000000002,-4092873.2189709446i,0.4741680203535832
0.19999999999999998,0.12000000000000002,-4317787.058786182i,-2.114759931470782
0.19999999999999998,0.13,-7.071753996573096E-4-3987485.8691021716i,-3.3126778849428478
0.19999999999999998,0.13,-1.1828776611174167E-4-3996859.297048052i,-4.242393897889598
0.19999999999999998,0.13,-4095485.557777741i,0.43561005522988044
0.19999999999999998,0.13,-5.009040833920863E-10-4415332.061402995i,-2.3032493797895977
0.19999999999999998,0.14,0.0023351006075494566-3987972.6425892645i,-3.1169878860391926
0.19999999999999998,0.14,7.417381929789689E-4-3997653.295851225i,-4.203619642851089
0.19999999999999998,0.14,-5.232815550100623E-10-4097834.32165911i,0.40526749181817845
0.19999999999999998,0.14,-4538520.992433559i,-2.4782566949274596
0.19999999999999998,0.15000000000000002,0.003984165664681261-3988558.5852348623i,-2.971478801717799
0.19999999999999998,0.15000000000000002,-0.001404808153092973-3998602.7554447628i,-4.344009072356504
0.19999999999999998,0.15000000000000002,7.647501157044013E-10-4100843.2493887795i,0.3801409596217619
0.19999999999999998,0.15000000000000002,-4692497.286595915i,-2.6427898600536586
0.19999999999999998,0.16000000000000003,0.02166366944189516-3989251.794148259i,-2.8903150392557375
0.19999999999999998,0.16000000000000003,-4.022026706825827E-4-3999440.0240526753i,-4.501829826875681
0.19999999999999998,0.16000000000000003,-4103133.477906381i,0.3585589877353293
0.19999999999999998,0.16000000000000003,-4866861.426064041i,-2.8060508617592776
0.19999999999999998,0.17,-0.005184735783871643-3990009.1610593903i,-2.8515190976277354
0.19999999999999998,0.17,0.0018980351405513574-4000410.859229267i,-4.689361833585226
0.19999999999999998,0.17,-4105637.51385253i,0.33965501609205456
0.19999999999999998,0.17,-5065295.998107489i,-2.967803087198316
0.19999999999999998,0.18000000000000002,-0.0021566346414104765-3990802.321450773i,-2.8319425747197142
0.19999999999999998,0.18000000000000002,1.351159161621232E-4-4001338.316765959i,-4.954421433515715
0.19999999999999998,0.18000000000000002,-4108054.8278021393i,0.3233028363455512
0.19999999999999998,0.18000000000000002,-5273466.183450271i,-3.124769337841347
0.19999999999999998,0.19000000000000003,0.0034569583788709763-3991625.878544538i,-2.837485530521537
0.19999999999999998,0.19000000000000003,2.8146020516182365E-4-4002171.8959508063i,-5.189138634482321
0.19999999999999998,0.19000000000000003,-9.317009600554707E-10-4109692.6276887706i,0.30933283711937826
0.19999999999999998,0.19000000000000003,-5482695.010107902i,-3.277504780060411
0.19999999999999998,0.2,0.014810874531663416-3992411.518440446i,-2.8377434587240917
0.19999999999999998,0.2,-6.814452592085185E-4-4003121.755260097i,-5.657009257041609
0.19999999999999998,0.2,5.561736569203271E-10-4112157.0109115723i,0.29587145479534355
0.19999999999999998,0.2,-5692259.617651013i,-3.434568733591635
0.19999999999999998,0.21000000000000002,0.005557546508513085-3993188.3305027513i,-2.8554403096122623
0.19999999999999998,0.21000000000000002,-3.512872837903753E-4-4004100.0416781083i,-6.215876796244571
0.19999999999999998,0.21000000000000002,-4114721.543277193i,0.2837603820171084
0.19999999999999998,0.21000000000000002,-5894031.559572105i,-3.591389297643878
0.19999999999999998,0.22000000000000003,0.001187767263037353-3993944.8158516907i,-2.875609033760143
0.19999999999999998,0.22000000000000003,-3.3944917125328854E-4-4005086.198156308i,-7.010279255640032
0.19999999999999998,0.22000000000000003,1.1011878174926127E-9-4117058.277491704i,0.2725452662725788
0.19999999999999998,0.22000000000000003,-6084330.958672715i,-3.7482873338546403
0.19999999999999998,0.23,8.206749804539004E-4-3994697.8953637104i,-2.8884059177929418
0.19999999999999998,0.23,-1.41175765060206E-4-4006142.365992522i,-8.43627187416616
0.19999999999999998,0.23,-4120027.4840216395i,0.2617498375043833
0.19999999999999998,0.23,-1.2751153569736078E-9-6265370.913472471i,-3.909382468456397
0.19999999999999998,0.24000000000000002,3.8160052782648023E-4-3995426.524335595i,-2.9206125129818132
0.19999999999999998,0.24000000000000002,-2.0385654816537933E-4-4007208.250290863i,-10.49162209341747
0.19999999999999998,0.24000000000000002,-4122409.0205074386i,0.25207425749193996
0.19999999999999998,0.24000000000000002,-6429985.399159742i,-4.06595795757189
0.19999999999999998,0.25,-5.842600691026148E-4-3984063.8069673264i,-1.4423898026305604
0.19999999999999998,0.25,-3.459298384119438E-5-3996149.247190211i,-2.9560902041595383
0.19999999999999998,0.25,-1.735721383028887E-6-4008474.7343100603i,-15.68846188876073
0.19999999999999998,0.25,-4125382.078300212i,0.24258874596597238
0.19999999999999998,0.26,0.0024663500858303085-3984170.0664356905i,-1.3978482378969561
0.19999999999999998,0.26,-9.409586305439524E-4-3996866.2619808977i,-2.9981913757867944
0.19999999999999998,0.26,-7.868451381001775E-5-4009745.185267508i,-33.506845858121416
0.19999999999999998,0.26,-1.348399837440503E-9-4128077.9630846824i,0.2337770366798442
0.19999999999999998,0.27,-0.0052802540051413455-3984264.6389010064i,-1.3532318461181632
0.19999999999999998,0.27,0.0018797216457465515-3997574.4339066884i,-3.0467612875851957
0.19999999999999998,0.27,-1.8022345537760457E-5-4011147.5447091945i,94.0641592355359
0.19999999999999998,0.27,7.249973510664714E-10-4130883.390852354i,0.22532322520756998
0.21,0.020000000000000018,8.420533431483194E-4-3986130.384584012i,21.8683774838151
0.21,0.020000000000000018,-4.124269784463907E-4-3993140.002688883i,-33.30355809755856
0.21,0.020000000000000018,-1.7214973414651143E-9-4079567.8301699907i,1241.0443684679155
0.21,0.020000000000000018,-9.250495882999912E-10-4093370.1923033455i,-8.116951397640495E-4
0.21,0.03000000000000002,0.0011619307105239667-3986130.3666329i,21.690132894433457
0.21,0.03000000000000002,0.0020712982020341993-3993132.9700058727i,-32.05868891332595
0.21,0.03000000000000002,1.812786863206798E-9-4079517.139031281i,-850.8993748153256
0.21,0.03000000000000002,-1.4798520302934282E-9-4093297.7320056907i,0.0011695064015504865
0.21,0.04000000000000002,8.169570666277109E-4-3986130.422243885i,21.84919702351706
0.21,0.04000000000000002,-0.0035455515601158206-3993130.303406597i,-34.00320646108148
0.21,0.04000000000000002,-6.185972168710145E-10-4079502.886945045i,-2690.856305115649
0.21,0.04000000000000002,-1.08828223015343E-9-4093274.86062849i,3.617752509628646E-4
0.21,0.05000000000000002,-4.524745461148473E-4-3986129.84860034i,21.50739732717317
0.21,0.05000000000000002,-1.7173388707280915E-4-3993128.01147103i,-37.07926925990596
0.21,0.05000000000000002,-7.118637177448594E-10-4079446.7925211038i,-146.97573645271018
0.21,0.05000000000000002,-1.388235152230074E-9-4093229.9866188993i,0.006779473084566024
0.21,0.06000000000000002,2.8201454934716804E-4-3986133.0001669526i,21.617278144589303
0.21,0.06000000000000002,-1.8094304870289226E-4-3993174.070961091i,-26.809018307837487
0.21,0.06000000000000002,-1.0047647882914406E-9-4079949.8460011343i,316.9226822600265
0.21,0.06000000000000002,9.658858430826366E-10-4093892.125697618i,-0.0031384574761558286
0.21,0.07000000000000002,-7.707420994593276E-4-3986217.8871133043i,-69.83228497842785
0.21,0.07000000000000002,-5.481636890297074E-4-3993525.3560977518i,-11.537136243251371
0.21,0.07000000000000002,-1.5413555030127456E-9-4088455.9695676356i,1.5772031398161932
0.21,0.07000000000000002,9.641169750870854E-10-4102310.665495104i,-0.6334723833378931
0.21,0.08000000000000002,-0.001827589674311375-3986332.4090850735i,-14.175437850012884
0.21,0.08000000000000002,-0.004442139381979619-3993993.912810305i,-7.602053529718402
0.21,0.08000000000000002,-4092902.2580289515i,0.7868755652206313
0.21,0.08000000000000002,-4122847.081529895i,-1.2713164658226743
0.21,0.09000000000000002,2.91881648847913E-4-3986479.401515331i,-8.160633088748492
0.21,0.09000000000000002,-1.8112348082552213E-4-3994515.743558446i,-6.024624080520132
0.21,0.09000000000000002,-4095847.5843261303i,0.6028799925552071
0.21,0.09000000000000002,-6.539140327188372E-10-4153840.2670599003i,-1.6613382695242822
0.21,0.10000000000000002,9.321195932327511E-4-3986668.650782827i,-5.908976195231582
0.21,0.10000000000000002,-0.0011253369620851934-3995098.897150243i,-5.197474921165127
0.21,0.10000000000000002,9.398196697352184E-10-4098462.577711629i,0.5181952180446627
0.21,0.10000000000000002,-4197282.467765439i,-1.934918687322581
0.21,0.11000000000000001,0.0013854411926425656-3986916.222457107i,-4.748653498755592
0.21,0.11000000000000001,6.303406083539076E-4-3995742.0425966694i,-4.726560698519491
0.21,0.11000000000000001,9.811273407446299E-10-4101011.5666448046i,0.4667520504361671
0.21,0.11000000000000001,-4256809.304183025i,-2.150148564937577
0.21,0.12000000000000002,-0.002303674914834781-3987235.3708635923i,-4.073565226546717
0.21,0.12000000000000002,8.255376713801266E-4-3996422.5396193564i,-4.418317608607486
0.21,0.12000000000000002,-4103275.1706818095i,0.43073708231559277
0.21,0.12000000000000002,-4335450.98620268i,-2.332078989283702
0.21,0.13,0.0030200537673065386-3987649.9070770377i,-3.6409860756184496
0.21,0.13,7.790549972448814E-5-3997177.344622806i,-4.334194829679413
0.21,0.13,-4105757.1479354263i,0.40204826521491804
0.21,0.13,-4438152.070405243i,-2.5008310786519
0.21,0.14,-0.007049964097358749-3988179.6773213167i,-3.3660859408797696
0.21,0.14,2.37778043239284E-4-3997983.274787609i,-4.274147614950359
0.21,0.14,-4108106.4912080513i,0.3791869910825254
0.21,0.14,-4568027.501378594i,-2.6551416120565294
0.21,0.15000000000000002,0.0032032035667987372-3988827.064778265i,-3.183831009745058
0.21,0.15000000000000002,-7.764248132510826E-6-3998868.3097763266i,-4.358477634128447
0.21,0.15000000000000002,-4110843.5641711117i,0.35931875404267244
0.21,0.15000000000000002,-4727103.178922191i,-2.806213735883255
0.21,0.16000000000000003,2.473645811301164E-4-3989556.1930444143i,-3.0806229431328456
0.21,0.16000000000000003,-0.0010372171684513872-3999870.4092408735i,-4.466749247666881
0.21,0.16000000000000003,5.600511438987052E-10-4113892.973690216i,0.34216953684181767
0.21,0.16000000000000003,-4913280.234621434i,-2.9518913519852776
0.21,0.17,-8.0990095732486E-4-3990349.6673758957i,-3.022337993100258
0.21,0.17,-9.942970831379356E-5-4000820.05740553i,-4.620140478077125
0.21,0.17,1.1151340245606576E-9-4116342.4689682606i,0.327316558946671
0.21,0.17,-5116494.071726697i,-3.093794533796876
0.21,0.18000000000000002,0.0019088627281831807-3991177.621759735i,-3.002682741322626
0.21,0.18000000000000002,-6.465179952747722E-4-4001789.99573468i,-4.840214129696645
0.21,0.18000000000000002,-4118757.0305041657i,0.3132162735205554
0.21,0.18000000000000002,-5331264.98722904i,-3.2442273872983756
0.21,0.19000000000000003,-0.006442677215376419-3992000.624647485i,-2.9954356977608225
0.21,0.19000000000000003,-6.768698476685601E-4-4002776.4698596327i,-5.1330686298550035
0.21,0.19000000000000003,-4121222.212304675i,0.3009844846779799
0.21,0.19000000000000003,-5548162.394131888i,-3.3878207847812325
0.21,0.2,0.0029886476054861114-3992831.0778232017i,-3.0110744724201255
0.21,0.2,1.4090315220281787E-4-4003664.5394783625i,-5.410089077232085
0.21,0.2,-4122903.1492673834i,0.2901954661085797
0.21,0.2,-5756972.900805158i,-3.5309556966962945
0.21,0.21000000000000002,1.3859817071766592E-4-3993612.1395823583i,-3.0185513984017467
0.21,0.21000000000000002,-4.2529499179760785E-5-4004689.4316200423i,-5.942388282323024
0.21,0.21000000000000002,-4125338.551265933i,0.2796910918607824
0.21,0.21000000000000002,-5961144.811001921i,-3.675934663281946
0.21,0.22000000000000003,-0.002473266912653193-3994380.763756967i,-3.0409116985735913
0.21,0.22000000000000003,0.0015116602956933617-4005777.1174117755i,-6.640907204258559
0.21,0.22000000000000003,-4127939.4268489527i,0.26999176600204855
0.21,0.22000000000000003,-6153586.599846714i,-3.8217658847930784
0.21,0.23,3.129438124899908E-4-3995139.049829475i,-3.060655159129029
0.21,0.23,1.1915193262785739E-4-4006939.3172567044i,-7.817905293249129
0.21,0.23,-4130840.1818628004i,0.26063351729823125
0.21,0.23,-6336089.031792795i,-3.970687318225187
0.21,0.24000000000000002,-2.0012363499228162E-4-3995869.1416253336i,-3.091461624069523
0.21,0.24000000000000002,-2.20651476541759E-5-4008147.0341836214i,-9.666641825926831
0.21,0.24000000000000002,-4133432.109955066i,0.25186955355468366
0.21,0.24000000000000002,-6500801.333013975i,-4.1225657481659495
0.21,0.25,-0.001079645832239236-3984102.1808989914i,-1.399278815614746
0.21,0.25,-8.484440525815076E-5-3996582.737134603i,-3.129445516177659
0.21,0.25,1.8054304817557355E-4-4009447.971554764i,-13.248140855556056
0.21,0.25,-4136014.098730705i,0.243616662029393
0.21,0.26,2.9734370080726876E-4-3984203.4700988396i,-1.3497996475685146
0.21,0.26,-3.4836716488413124E-5-3997287.1953467513i,-3.1725051111409246
0.21,0.26,1.965608388296374E-5-4011035.8079714105i,-26.41603612182346
0.21,0.26,-7.137650915467389E-10-4139067.145054618i,0.2355368502073583
0.21,0.27,0.0010622629841843222-3984294.930151221i,-1.3037193751419556
0.21,0.27,9.729528630348359E-5-3997978.4817732973i,-3.2223443419709508
0.21,0.27,-3.098510513249254E-5-4012672.250103834i,314.93425836829795
0.21,0.27,-4141829.1426336947i,0.22791301350391885
0.22,0.020000000000000018,-0.0018006665901042144-3986298.2229152094i,24.466850100317032
0.22,0.020000000000000018,0.0019108217728323214-3993901.6845960044i,-35.53016169044873
0.22,0.020000000000000018,-4104006.217680831i,-2.9203414889807095E-4
0.22,0.020000000000000018,-4104578.754482465i,3440.701357882697
0.22,0.03000000000000002,-3.441702870981238E-5-3986298.1269316813i,24.548597592851017
0.22,0.03000000000000002,-7.090642784513922E-4-3993891.1885621217i,-37.55877811798694
0.22,0.03000000000000002,-4103886.881658024i,-0.02243255211427525
0.22,0.03000000000000002,-8.626349780358114E-10-4104483.141251742i,44.59710422958338
0.22,0.04000000000000002,2.75928618293703E-4-3986297.8378638206i,24.778084832582124
0.22,0.04000000000000002,0.004854882507650582-3993882.2944561983i,-38.59245010694606
0.22,0.04000000000000002,-4103781.097028249i,0.02832204393843689
0.22,0.04000000000000002,-4104388.329781224i,-35.3046596204796
0.22,0.05000000000000002,-0.004420416386912575-3986297.7252282943i,24.457319708086402
0.22,0.05000000000000002,3.565628356358853E-4-3993876.567488411i,-39.579785647200154
0.22,0.05000000000000002,-4103710.4226601943i,-0.0940552120926099
0.22,0.05000000000000002,1.782173828796714E-9-4104333.0960302637i,10.634970475323575
0.22,0.06000000000000002,-0.0011477405118884164-3986297.214955396i,24.604986082385864
0.22,0.06000000000000002,-1.950040163859816E-4-3993871.59334262i,-39.39894147053485
0.22,0.06000000000000002,-4103641.434736075i,-0.04554726966543762
0.22,0.06000000000000002,6.795203978088064E-10-4104253.458084942i,21.963238433691412
0.22,0.07000000000000002,-6.377018663973295E-4-3986301.160674733i,24.353439329980727
0.22,0.07000000000000002,3.733319271036732E-4-3993929.4764995505i,-30.661667331538535
0.22,0.07000000000000002,-2.982221574252839E-9-4104441.298153084i,0.07997063892281278
0.22,0.07000000000000002,-4105002.73001501i,-12.508951147388792
0.22,0.08000000000000002,-1.5276817690275643E-4-3986416.5762155103i,-53.343860598107106
0.22,0.08000000000000002,-3.758509928134224E-4-3994312.3991967863i,-12.198274571388035
0.22,0.08000000000000002,1.0406187378971384E-9-4105793.8948023976i,0.44535119251431465
0.22,0.08000000000000002,1.0855005694738293E-9-4128345.513465782i,-2.2487075851126552
0.22,0.09000000000000002,-0.0020178963424548365-3986573.5011964864i,-13.45027486311311
0.22,0.09000000000000002,-0.004542641301201025-3994829.646821323i,-7.8706293093164525
0.22,0.09000000000000002,-4108098.127088487i,0.4265219229554545
0.22,0.09000000000000002,4.711951633778882E-10-4162368.2048885683i,-2.350782593317038
0.22,0.10000000000000002,0.0028877469291331225-3986778.14330128i,-7.9612707117503145
0.22,0.10000000000000002,0.0011029330201689576-3995404.9949502223i,-6.111018865086156
0.22,0.10000000000000002,4.887351837975381E-10-4110370.357576187i,0.4078039315813467
0.22,0.10000000000000002,-4209313.142343051i,-2.4611967850439895
0.22,0.11000000000000001,-1.7215443493959244E-4-3987044.8116379958i,-5.847450567222099
0.22,0.11000000000000001,0.0026230585414348086-3996047.0887663863i,-5.338621949538443
0.22,0.11000000000000001,-6.140764964925451E-10-4112834.238750115i,0.38912971050139517
0.22,0.11000000000000001,-4272799.043974785i,-2.581538190284798
0.22,0.12000000000000002,-3.685043384111525E-5-3987399.7819965086i,-4.754549164526813
0.22,0.12000000000000002,7.311121584779042E-4-3996777.633351352i,-4.845248875674208
0.22,0.12000000000000002,-1.0435772124131501E-9-4115526.024279989i,0.37279650028483935
0.22,0.12000000000000002,-9.071288705429266E-10-4358162.300528008i,-2.69714872459368
0.22,0.13,0.0010011423750778663-3987855.2569755875i,-4.125180706438016
0.22,0.13,-1.9279993139545057E-4-3997520.7630030843i,-4.513498851265978
0.22,0.13,-4117632.7957487255i,0.35843032117550455
0.22,0.13,-4467166.637547266i,-2.8089662091065692
0.22,0.14,0.009167181285894029-3988434.500939341i,-3.73535940822571
0.22,0.14,0.0030300195917175705-3998333.278102248i,-4.437298035325937
0.22,0.14,-4120142.3894227175i,0.34420748150587055
0.22,0.14,-4603951.016477275i,-2.9299640248309533
0.22,0.15000000000000002,-0.005533767890502801-3989137.601561252i,-3.495608413578651
0.22,0.15000000000000002,-1.0527147321322135E-4-3999231.9117778107i,-4.423555334998805
0.22,0.15000000000000002,5.433563626862228E-10-4122857.533596093i,0.3314662912165083
0.22,0.15000000000000002,-4770508.85714164i,-3.0494292540848336
0.22,0.16000000000000003,0.003799966356999669-3989933.9440752952i,-3.3517240342957497
0.22,0.16000000000000003,-2.1723087411557702E-4-4000161.5507269283i,-4.468210384846944
0.22,0.16000000000000003,-4125449.4497925676i,0.319897793856073
0.22,0.16000000000000003,-4962987.7081734305i,-3.1686041013394863
0.22,0.17,7.050607055591184E-4-3990781.5816262593i,-3.2705217529516584
0.22,0.17,-9.671274064653254E-5-4001154.7291112253i,-4.575656959647236
0.22,0.17,3.077555558564078E-9-4128259.6621415284i,0.30916876238921887
0.22,0.17,-7.566224742601344E-10-5175468.871617786i,-3.289310667717085
0.22,0.18000000000000002,0.00796731039579703-3991604.8072913424i,-3.231860260734224
0.22,0.18000000000000002,4.032342810266848E-4-4002238.361059299i,-4.738842852952048
0.22,0.18000000000000002,-4131032.9863988673i,0.29925698971016235
0.22,0.18000000000000002,-5395662.920192778i,-3.410518695520223
0.22,0.19000000000000003,0.0024942384878411544-3992452.0754754534i,-3.223046962955555
0.22,0.19000000000000003,-3.433715168356643E-4-4003250.927156633i,-4.978511457539812
0.22,0.19000000000000003,1.44338478737034E-9-4133511.50992356i,0.28922189453263736
0.22,0.19000000000000003,-5616062.372779181i,-3.5465113801081856
0.22,0.2,8.301640016311145E-4-3993272.5272438237i,-3.2250581456283336
0.22,0.2,-2.2815505757286015E-4-4004364.8795347093i,-5.286461304168147
0.22,0.2,-4136055.6229369882i,0.2804374004165488
0.22,0.2,-5832986.61514352i,-3.674832669122013
0.22,0.21000000000000002,0.032903276614792226-3994083.0508711464i,-3.2517921294164984
0.22,0.21000000000000002,0.0010918766500989888-4005329.0150297238i,-5.551527568268006
0.22,0.21000000000000002,-1.2408675017467349E-9-4137640.4229473555i,0.27248601427227814
0.22,0.21000000000000002,2.4213273587163557E-9-6034179.017144222i,-3.8064589963076028
0.22,0.22000000000000003,-0.00296292966800948-3994854.1132238386i,-3.261789969357202
0.22,0.22000000000000003,1.2258453932091976E-4-4006505.0231086337i,-6.173029513562809
0.22,0.22000000000000003,-5.295631739533285E-10-4140124.0727038803i,0.2645028916034394
0.22,0.22000000000000003,-6227747.8049143525i,-3.938067136339953
0.22,0.23,-0.0015059185785998683-3995602.54728378i,-3.287379898521994
0.22,0.23,-8.037001491121532E-5-4007773.2063555694i,-7.02745884360283
0.22,0.23,-1.4879386845735464E-9-4142696.9060511505i,0.2568343313950807
0.22,0.23,-6406688.757740778i,-4.07476830442637
0.22,0.24000000000000002,1.434758518778957E-4-3984027.541043754i,-1.411746464574858
0.22,0.24000000000000002,-5.477419444269723E-6-3996337.5299922447i,-3.3095956439571608
0.22,0.24000000000000002,7.665406277801402E-7-4009169.184586709i,-8.571334165809725
0.22,0.24000000000000002,-4145725.9211434126i,0.24934547575550714
0.22,0.25,0.0010953436838238716-3984139.1354024843i,-1.3604052218176172
0.22,0.25,-9.486100015266934E-4-3997046.2715325425i,-3.3475934670049385
0.22,0.25,-2.9597359435969687E-4-4010687.5463913563i,-11.220948591022255
0.22,0.25,-4148399.510588113i,0.24227791940109658
0.22,0.26,-3.4659569401789256E-6-3984236.142128676i,-1.3121830995500534
0.22,0.26,-2.1214841705680503E-4-3997729.6537929345i,-3.391167641879728
0.22,0.26,-1.0778484739062359E-5-4012349.763449881i,-17.541054885899687
0.22,0.26,-1.220093045475307E-9-4150996.4326174133i,0.23547538952019398
0.22,0.27,0.001142859376504854-3984324.8180227727i,-1.2607750867688932
0.22,0.27,3.697963699797219E-4-3998399.884796837i,-3.437036489929789
0.22,0.27,-7.15397647812186E-5-4014422.4777607066i,-75.56280313455449
0.22,0.27,6.954484940036936E-10-4154088.18942573i,0.22878147562426338
0.22999999999999998,0.020000000000000018,-8.089429593673989E-5-3986527.691654384i,28.714187827877595
0.22999999999999998,0.020000000000000018,0.0012203072635367342-3994724.5907269125i,-46.409757871988724
0.22999999999999998,0.020000000000000018,-4115825.10633337i,0.0010926392167032828
0.22999999999999998,0.020000000000000018,-5.153600426352976E-10-4143862.5204589227i,-909.1153888120156
0.22999999999999998,0.03000000000000002,1.592229679854733E-5-3986526.488878313i,28.410185056863185
0.22999999999999998,0.03000000000000002,-2.5347924122336624E-4-3994726.6663084566i,-41.912677250650766
0.22999999999999998,0.03000000000000002,-1.0618056272023991E-9-4115790.7595945206i,0.0013459964755315476
0.22999999999999998,0.03000000000000002,5.107342417661719E-10-4143799.1519609024i,-741.9362741737348
0.22999999999999998,0.04000000000000002,3.2834173973266695E-4-3986526.9231895623i,28.16641182151205
0.22999999999999998,0.04000000000000002,3.925438467421441E-5-3994716.473182942i,-45.196566485706136
0.22999999999999998,0.04000000000000002,-1.6432112096995421E-9-4115732.63916967i,-0.0023976968488604936
0.22999999999999998,0.04000000000000002,8.53052393364458E-10-4143704.7514162613i,418.55846752044897
0.22999999999999998,0.05000000000000002,8.038338745570824E-4-3986527.1239201897i,27.827062873922724
0.22999999999999998,0.05000000000000002,-0.0012125698879602662-3994723.2892707884i,-56.81930008231402
0.22999999999999998,0.05000000000000002,-1.2510095782037777E-9-4115792.5013971915i,-0.008115365653813659
0.22999999999999998,0.05000000000000002,5.063558052210712E-10-4143810.871711915i,123.58994476750354
0.22999999999999998,0.06000000000000002,-7.205009034577531E-5-3986527.0008168854i,27.81375344428281
0.22999999999999998,0.06000000000000002,-4.0277352506952674E-4-3994716.336220108i,-58.36526998969343
0.22999999999999998,0.06000000000000002,-1.2618683127608677E-9-4115714.881571172i,-0.00866294273087717
0.22999999999999998,0.06000000000000002,-1.3365752459514173E-9-4143722.998154658i,115.7815498686218
0.22999999999999998,0.07000000000000002,0.003250184130476138-3986526.3876702827i,28.014936072149695
0.22999999999999998,0.07000000000000002,-8.335211406881396E-4-3994700.2891628244i,-50.77830068879704
0.22999999999999998,0.07000000000000002,1.791575314496406E-9-4115545.920431995i,-0.00552857557403057
0.22999999999999998,0.07000000000000002,-1.124917165151649E-9-4143486.50379486i,181.46028600162995
0.22999999999999998,0.08000000000000002,0.0010703102943000974-3986531.198719732i,27.30631522197516
0.22999999999999998,0.08000000000000002,6.637918766069549E-4-3994800.9944521203i,-65.09317136577197
0.22999999999999998,0.08000000000000002,1.0968567955850468E-9-4116751.5298079057i,-0.0127604846719206
0.22999999999999998,0.08000000000000002,-5.317866724586598E-10-4145032.7469807253i,78.5073229438014
0.22999999999999998,0.09000000000000002,7.239747477822861E-4-3986693.5906092036i,-43.51863615830182
0.22999999999999998,0.09000000000000002,2.2247870725523956E-4-3995177.886975162i,-12.888243456132836
0.22999999999999998,0.09000000000000002,7.631399868451955E-10-4119812.2711361903i,0.20249446410180755
0.22999999999999998,0.09000000000000002,-4177586.9501986257i,-4.955035740004644
0.22999999999999998,0.10000000000000002,-2.4879000822281705E-4-3986917.7321824124i,-12.868870572701255
0.22999999999999998,0.10000000000000002,-5.597844391642489E-4-3995749.849553381i,-8.193034969682563
0.22999999999999998,0.10000000000000002,-9.575452680349707E-10-4122938.927540505i,0.269716850398699
0.22999999999999998,0.10000000000000002,-4227623.7372386055i,-3.72299969467397
0.22999999999999998,0.11000000000000001,-0.0021117778796739418-3987213.294039965i,-7.882682920713756
0.22999999999999998,0.11000000000000001,-0.0023698147608071526-3996393.0782304993i,-6.44116343167489
0.22999999999999998,0.11000000000000001,-4.965415454114092E-10-4125800.728751023i,0.2938135981491048
0.22999999999999998,0.11000000000000001,5.007849618135257E-10-4295883.818305513i,-3.4201575115182705
0.22999999999999998,0.12000000000000002,0.0011890898263986042-3987600.668825859i,-5.88104640228333
0.22999999999999998,0.12000000000000002,3.523851842838188E-4-3997094.16015415i,-5.506784394362254
0.22999999999999998,0.12000000000000002,-4128349.3371348446i,0.3028632239419935
0.22999999999999998,0.12000000000000002,-4386270.871373013i,-3.320889549794887
0.22999999999999998,0.13,0.003594295406502992-3988112.5955116153i,-4.8515318587040195
0.22999999999999998,0.13,0.001262469256013758-3997889.3420572327i,-5.016008651114237
0.22999999999999998,0.13,-4131233.4279312105i,0.30417426612960985
0.22999999999999998,0.13,-4504082.658557695i,-3.3105896242201838
0.22999999999999998,0.14,0.0024178103268419696-3988749.381699956i,-4.278583080278552
0.22999999999999998,0.14,-4.4882457330524937E-4-3998718.912763211i,-4.701768171239191
0.22999999999999998,0.14,5.270255915681642E-10-4133726.7928029364i,0.30183102978186815
0.22999999999999998,0.14,-4649339.870517284i,-3.343338702286505
0.22999999999999998,0.15000000000000002,0.014503826302955415-3989511.941816242i,-3.935878388806076
0.22999999999999998,0.15000000000000002,-5.170477585553504E-4-3999579.904626935i,-4.557957786175097
0.22999999999999998,0.15000000000000002,-4136141.2101584417i,0.29756596028435156
0.22999999999999998,0.15000000000000002,-4823633.309710218i,-3.4000591340483
0.22999999999999998,0.16000000000000003,0.0024683844458971895-3990349.6824588324i,-3.7386322876359
0.22999999999999998,0.16000000000000003,7.057984532024706E-4-4000522.2179337475i,-4.512931294322118
0.22999999999999998,0.16000000000000003,-8.75892168381797E-10-4138747.2940198416i,0.29201465518483594
0.22999999999999998,0.16000000000000003,-5023442.140931609i,-3.476879320460811
0.22999999999999998,0.17,0.005878431034974491-3991233.269950014i,-3.629549835562403
0.22999999999999998,0.17,-2.6015864359282506E-4-4001525.6110497387i,-4.508147605498204
0.22999999999999998,0.17,1.2296930800113049E-9-4141439.1873710947i,0.28632510561190777
0.22999999999999998,0.17,-5241306.947034408i,-3.5612129651298905
0.22999999999999998,0.18000000000000002,-2.331742431265262E-4-3992098.5808531074i,-3.548778078135602
0.22999999999999998,0.18000000000000002,-7.197756984069225E-4-4002708.965411633i,-4.6668466698036735
0.22999999999999998,0.18000000000000002,3.1813484482396897E-9-4144813.3003677675i,0.2803662676894817
0.22999999999999998,0.18000000000000002,-5471997.249430117i,-3.651444811453403
0.22999999999999998,0.19000000000000003,4.787049291059188E-4-3992952.156155136i,-3.5151067097389714
0.22999999999999998,0.19000000000000003,-1.2260655557865606E-4-4003808.5021234266i,-4.838812717988988
0.22999999999999998,0.19000000000000003,-4147509.604928639i,0.2740997702775392
0.22999999999999998,0.19000000000000003,-5698710.630776891i,-3.754139889261067
0.22999999999999998,0.2,-0.0019058458965229546-3993776.2612567865i,-3.5055298484111046
0.22999999999999998,0.2,2.067959012775697E-4-4004954.9399341494i,-5.057921604824228
0.22999999999999998,0.2,-7.033940252513332E-10-4150051.230702509i,0.2680197188095215
0.22999999999999998,0.2,-5916897.523791723i,-3.8615902937961692
0.22999999999999998,0.21000000000000002,-1.471939028555119E-5-3994575.8385843695i,-3.5091788167942375
0.22999999999999998,0.21000000000000002,1.5328410871162708E-5-4006172.735185366i,-5.361099826752552
0.22999999999999998,0.21000000000000002,5.243869690601148E-10-4152606.8067625538i,0.2621293008203963
0.22999999999999998,0.21000000000000002,-6123947.546650606i,-3.9717294493628823
0.22999999999999998,0.22000000000000003,0.001869547080489708-3995369.6545370254i,-3.5518677850564253
0.22999999999999998,0.22000000000000003,-7.007336256711585E-4-4007304.4955281117i,-5.59862164812707
0.22999999999999998,0.22000000000000003,-6.926913118253463E-10-4154226.0643354584i,0.25610959253418986
0.22999999999999998,0.22000000000000003,1.0498593304220663E-9-6310732.566480606i,-4.098359961733463
0.22999999999999998,0.23,-0.004918103581556611-3996111.239020854i,-3.5696451313259243
0.22999999999999998,0.23,-0.0010124490001026589-4008707.26017661i,-6.209536123348151
0.22999999999999998,0.23,-4156709.398852324i,0.25016000366304086
0.22999999999999998,0.23,-6489447.9177405285i,-4.222191369991358
0.22999999999999998,0.24000000000000002,-0.002226468720387881-3984067.8623843547i,-1.387607750485145
0.22999999999999998,0.24000000000000002,-4.960110019665175E-4-3996826.4217616343i,-3.5951837532990103
0.22999999999999998,0.24000000000000002,-3.0405111060501934E-4-4010246.246580764i,-7.092123649703587
0.22999999999999998,0.24000000000000002,-4159258.3968830816i,0.24452015286290618
0.22999999999999998,0.25,-0.001567374859586003-3984175.111200531i,-1.3288151938421942
0.22999999999999998,0.25,-1.7621783646872797E-4-3997521.6312860446i,-3.6101085556615824
0.22999999999999998,0.25,-7.461463955548397E-6-4012013.9286684017i,-9.095419039152887
0.22999999999999998,0.25,-4162302.363713487i,0.238367148261625
0.22999999999999998,0.26,4.848323238865916E-5-3984270.4345990694i,-1.2744359707690207
0.22999999999999998,0.26,2.3354554053865362E-4-3998192.9856212377i,-3.64384239831567
0.22999999999999998,0.26,-2.6786210000713206E-6-4013972.9629004244i,-12.598643749357295
0.22999999999999998,0.26,-4165064.995776002i,0.2328397063531089
0.22999999999999998,0.27,-0.002159765101223986-3984354.321245734i,-1.2253958887300822
0.22999999999999998,0.27,3.615154092652714E-4-3998831.303245322i,-3.686277603555442
0.22999999999999998,0.27,-8.670041058584313E-6-4016164.1957816323i,-23.003828541163898
0.22999999999999998,0.27,8.461178598347627E-10-4167626.839339687i,0.22740532401308397
0.24,0.020000000000000018,0.004085637618778087-3986855.61135923i,33.074234052773036
0.24,0.020000000000000018,-0.0016361916260341932-3995654.2363704117i,-38.38689302649735
0.24,0.020000000000000018,-4129363.9968599393i,0.0011707715030161892
0.24,0.020000000000000018,-4205985.251560238i,-858.6843345268488
0.24,0.03000000000000002,6.976836373572936E-6-3986853.7950535826i,34.146431578937474
0.24,0.03000000000000002,0.002771626331644705-3995646.2473481693i,-44.129898650881806
0.24,0.03000000000000002,5.527204121491991E-10-4129227.541426099i,0.0024541525732527983
0.24,0.03000000000000002,-4205784.4475391675i,-407.45972921445156
0.24,0.04000000000000002,0.005108428029871088-3986851.6658802093i,33.3436949062186
0.24,0.04000000000000002,-0.005914533056094823-3995642.242503583i,-58.79079910152817
0.24,0.04000000000000002,-1.5365101267042271E-9-4129108.0526171406i,-0.001809161363231724
0.24,0.04000000000000002,-4205638.138440879i,554.7263555858983
0.24,0.05000000000000002,-6.537874036245159E-4-3986851.9871801i,33.09990046139412
0.24,0.05000000000000002,0.0017164106518811387-3995627.0080475793i,-60.07453705316973
0.24,0.05000000000000002,8.279167359942576E-10-4129031.18317568i,-0.002814589415173017
0.24,0.05000000000000002,-4205379.813464242i,356.2042344212357
0.24,0.06000000000000002,-0.0033509467005458943-3986852.0336128543i,32.9415897087487
0.24,0.06000000000000002,-3.483495378379732E-4-3995626.4035549765i,-68.89826348873008
0.24,0.06000000000000002,-7.517346981667747E-10-4128998.674334942i,-0.004086011100714446
0.24,0.06000000000000002,-4205400.5259124i,245.39141653813533
0.24,0.07000000000000002,0.002905310982270048-3986851.34989681i,33.29357594008678
0.24,0.07000000000000002,0.006601347112651611-3995600.16650136i,-54.60848395313778
0.24,0.07000000000000002,-6.388931107752064E-10-4128725.2879238687i,-0.0017408608439786358
0.24,0.07000000000000002,-5.956512669547184E-10-4204960.060564468i,576.4363580336415
0.24,0.08000000000000002,-8.794867074471051E-5-3986851.256274324i,33.18976869192166
0.24,0.08000000000000002,-0.0019424028602042676-3995600.610891736i,-59.3082957619127
0.24,0.08000000000000002,9.176807087677605E-10-4128731.91173465i,-0.002606310346847786
0.24,0.08000000000000002,8.646781144676402E-10-4204962.179428816i,384.9200093396351
0.24,0.09000000000000002,2.40590012799702E-4-3986856.1871266556i,33.83525487025899
0.24,0.09000000000000002,-3.208191788965927E-4-3995695.4891478205i,-38.286483866236914
0.24,0.09000000000000002,-4129948.4898566026i,0.0034930601690277025
0.24,0.09000000000000002,7.916373061613657E-10-4206618.838680058i,-286.89474112101993
0.24,0.10000000000000002,0.008701186694191633-3987096.470753578i,-37.03291552627386
0.24,0.10000000000000002,0.001990541947682697-3996124.5455561094i,-13.643585744163104
0.24,0.10000000000000002,-4134204.6863904865i,0.12523987168012282
0.24,0.10000000000000002,-4255968.549337789i,-8.017189838741983
0.24,0.11000000000000001,0.0029672194860626265-3987426.11583849i,-12.54496446778197
0.24,0.11000000000000001,-2.416164489035829E-4-3996751.2097428245i,-8.593467113935114
0.24,0.11000000000000001,-1.3038815169726352E-9-4138350.948428761i,0.19049721346388315
0.24,0.11000000000000001,-4328432.392371504i,-5.272715312845838
0.24,0.12000000000000002,7.442028019718855E-5-3987863.6681713182i,-7.940354655189846
0.24,0.12000000000000002,5.712409354886306E-7-3997458.123101028i,-6.685091807757818
0.24,0.12000000000000002,-1.136053484166142E-9-4141942.3520621783i,0.22445165363539826
0.24,0.12000000000000002,-4425328.464049581i,-4.478133963670922
0.24,0.13,-0.0033864038769639416-3988427.625853061i,-6.06590718564601
0.24,0.13,0.001606562038363316-3998221.634140132i,-5.71562273876228
0.24,0.13,-4145027.747337128i,0.24301268446051266
0.24,0.13,-4549625.779557788i,-4.141228759040069
0.24,0.14,8.350029133178255E-4-3989134.577896087i,-5.11905542612702
0.24,0.14,0.005657821028501217-3999078.105629854i,-5.12812312185613
0.24,0.14,5.134554371859842E-10-4148177.026033687i,0.25302475348193204
0.24,0.14,-4704820.855625228i,-3.985151191192557
0.24,0.15000000000000002,-0.0042298619510124195-3989957.0303798006i,-4.612918412076412
0.24,0.15000000000000002,-0.0010456288831406184-3999997.0963072847i,-4.75281094890524
0.24,0.15000000000000002,-5.12875750633835E-10-4151147.653227358i,0.257516693343216
0.24,0.15000000000000002,-4888792.18610647i,-3.928284663654238
0.24,0.16000000000000003,-0.010034454912594854-3990837.638574064i,-4.29807242931659
0.24,0.16000000000000003,-0.0026497848567965778-4000911.216430935i,-4.623723656861894
0.24,0.16000000000000003,-5.055535695078919E-10-4153642.043615779i,0.25899742914331725
0.24,0.16000000000000003,-5094676.368195974i,-3.9206779337943325
0.24,0.17,-0.0027898251920823705-3991753.025447134i,-4.107605226293795
0.24,0.17,0.0010902825675618618-4001946.858287781i,-4.568158941353975
0.24,0.17,-4156469.3181764935i,0.2588209450148543
0.24,0.17,-5319728.786168309i,-3.940631298464718
0.24,0.18000000000000002,-0.022796664280501148-3992656.685142081i,-4.013250770073458
0.24,0.18000000000000002,-8.105251987419564E-4-4003051.5174131417i,-4.5399090908746915
0.24,0.18000000000000002,-1.1909821674178293E-9-4159533.157849278i,0.2569232839273517
0.24,0.18000000000000002,-5550268.605575378i,-3.9930547821280316
0.24,0.19000000000000003,-1.9606291579484474E-4-3993506.1705616456i,-3.930345979394539
0.24,0.19000000000000003,0.0018630668199959206-4004350.075289468i,-4.66191878524676
0.24,0.19000000000000003,-4162936.0231670793i,0.25463383755613117
0.24,0.19000000000000003,-5782336.577206677i,-4.050138801034696
0.24,0.2,-0.005178751274900642-3994333.620597361i,-3.8945520741840935
0.24,0.2,-1.7433954023597772E-5-4005593.4318513176i,-4.797589345868956
0.24,0.2,-4165721.7170670046i,0.2514379055156435
0.24,0.2,-6003351.624218183i,-4.1274339637452675
0.24,0.21000000000000002,-2.9687869459604104E-4-3995130.2909842366i,-3.887416441475148
0.24,0.21000000000000002,1.9926243464791176E-5-4006917.578933197i,-4.939179107997987
0.24,0.21000000000000002,-4168287.3444426497i,0.24812011838486717
0.24,0.21000000000000002,-6211103.777200376i,-4.212964483928451
0.24,0.22000000000000003,4.0863963942089625E-4-3995891.622846833i,-3.88200117989743
0.24,0.22000000000000003,-2.693905479563923E-4-4008368.255239864i,-5.221589238841728
0.24,0.22000000000000003,-4170958.212802836i,0.24443000199756829
0.24,0.22000000000000003,-6404393.760993389i,-4.307770980401768
0.24,0.23,8.82726902313202E-4-3983990.7395755723i,-1.4329815350209179
0.24,0.23,-3.2496073044726653E-4-3996647.0976428846i,-3.925932145105478
0.24,0.23,-4.783411331337248E-4-4009740.567619753i,-5.357713313191021
0.24,0.23,-4172523.4819422094i,0.24054401460091807
0.24,0.24000000000000002,-4.779149833999819E-4-3984108.6120690433i,-1.3670593147992587
0.24,0.24000000000000002,-1.0589376265453341E-4-3997347.8929759683i,-3.935820332407234
0.24,0.24000000000000002,8.554215091642874E-6-4011501.671497958i,-5.894269128965517
0.24,0.24000000000000002,-4.945818922552453E-10-4175110.1557020815i,0.2364903679566933
0.24,0.25,-0.0011371416885940819-3984210.32044315i,-1.3059798015326243
0.24,0.25,7.247325197014463E-5-3998017.1862770934i,-3.953150752891992
0.24,0.25,-2.352321809795341E-5-4013489.553930993i,-6.693094703586694
0.24,0.25,-4177725.4584220555i,0.23246231653356544
0.24,0.26,-0.0015561792013166886-3984299.678768428i,-1.2505439315147964
0.24,0.26,1.4351000868681842E-4-3998655.6217538496i,-3.976627645492983
0.24,0.26,-5.984027210335906E-6-4015755.336393765i,-8.142155549167791
0.24,0.26,-4180348.2329211487i,0.2280495017315411
0.24,0.27,0.0015095236495525825-3984383.3757599206i,-1.1924720367867507
0.24,0.27,4.962153175684244E-4-3999272.362249642i,-3.984884280066819
0.24,0.27,-2.916367355385308E-5-4018374.632781105i,-11.757774734918955
0.24,0.27,4.914909428649343E-10-4183248.1733865575i,0.22378825373512345
0.25,0.020000000000000018,5.335828701101661E-4-3987337.5702935834i,41.54159065218175
0.25,0.020000000000000018,-2.518290487938728E-4-3996656.1992099434i,-50.066325619748135
0.25,0.020000000000000018,-4144150.1457397784i,0.0010626963223216244
0.25,0.020000000000000018,-4301127.668557059i,-937.2404586885419
0.25,0.03000000000000002,0.0036637937941376804-3987336.963457501i,40.2117256944962
0.25,0.03000000000000002,2.2561419419052424E-4-3996646.2636900973i,-45.23296756109983
0.25,0.03000000000000002,-9.175666496117829E-10-4144040.077676144i,2.1419349041648742E-4
0.25,0.03000000000000002,-4300937.729340965i,-4731.153019764894
0.25,0.04000000000000002,0.002553910727995336-3987332.1570901657i,39.97779222017368
0.25,0.04000000000000002,0.0034449075675372183-3996667.244636982i,-69.83993769983789
0.25,0.04000000000000002,1.095664790174439E-9-4144113.944255854i,-0.0023410852682397717
0.25,0.04000000000000002,5.125287310013728E-10-4301157.15684501i,425.0196080238358
0.25,0.05000000000000002,0.002158925970836241-3987330.62309366i,40.93876077917879
0.25,0.05000000000000002,0.005031987926070198-3996625.372705061i,-72.06866533875049
0.25,0.05000000000000002,-5.979717052558327E-10-4143729.846160312i,-0.0014475240516808071
0.25,0.05000000000000002,6.314910210198806E-10-4300291.898889359i,689.5867318293821
0.25,0.06000000000000002,-0.001302006342602169-3987331.6462353156i,40.31558260304862
0.25,0.06000000000000002,0.0024730304634921385-3996629.7552979616i,-85.4065491949191
0.25,0.06000000000000002,9.919789760643422E-10-4143763.7992137712i,-0.0028740194628562115
0.25,0.06000000000000002,-4300446.207172882i,347.0273929566614
0.25,0.07000000000000002,-0.009244411518053537-3987330.8942128606i,41.08291697665367
0.25,0.07000000000000002,-0.004076658514896343-3996588.637717399i,-57.32605021994444
0.25,0.07000000000000002,-4143351.6230807784i,-2.8428171146083653E-4
0.25,0.07000000000000002,-4299642.289511641i,3529.2725934254413
0.25,0.08000000000000002,0.0017850732613628418-3987331.1085366467i,40.86525059668105
0.25,0.08000000000000002,-0.0019111872795986857-3996598.3476763545i,-70.06709716431035
0.25,0.08000000000000002,-4143478.1566450545i,-0.0015666879160387047
0.25,0.08000000000000002,-4299813.0476225745i,637.5649865935858
0.25,0.09000000000000002,0.013107919032013674-3987331.043793134i,40.820995708214774
0.25,0.09000000000000002,4.354639954263994E-5-3996590.730596664i,-73.59965492468277
0.25,0.09000000000000002,-1.2666791101823784E-9-4143372.3244364928i,-0.0018125166236408377
0.25,0.09000000000000002,4.824473547198055E-10-4299699.468053767i,551.3256484624687
0.25,0.10000000000000002,3.274899043920194E-4-3987335.0299718496i,40.60035734554553
0.25,0.10000000000000002,2.5578513929078905E-4-3996690.5567821944i,-29.816893427145388
0.25,0.10000000000000002,7.570248386372412E-10-4144471.5759788826i,0.00470459468575195
0.25,0.10000000000000002,7.846101594123445E-10-4301678.49803203i,-211.81576420765285
0.25,0.11000000000000001,0.0023400758297450206-3987701.0071873693i,-33.14319763903048
0.25,0.11000000000000001,-0.0010427861910883227-3997159.312716593i,-14.491865186633516
0.25,0.11000000000000001,1.1243029465103624E-9-4149757.3713701055i,0.08861316468371883
0.25,0.11000000000000001,-4374974.192649314i,-11.322797445654784
0.25,0.12000000000000002,-0.0014666205410781132-3988194.1741908006i,-12.630610832454689
0.25,0.12000000000000002,0.0010831093165535708-3997845.912219036i,-8.975793695305162
0.25,0.12000000000000002,-4154904.8726048125i,0.14397143461055936
0.25,0.12000000000000002,4.023773236934417E-9-4477867.050689797i,-6.97071981069169
0.25,0.13,-0.006844685669189042-3988826.9900518088i,-8.268980269700041
0.25,0.13,-9.209927484244586E-4-3998610.499837698i,-6.913617931026464
0.25,0.13,-1.4545901686131068E-9-4159186.9255256252i,0.1784876016397448
0.25,0.13,-4610362.987735562i,-5.6278224124588645
0.25,0.14,-0.0061003303230326355-3989597.4627249655i,-6.486148931791505
0.25,0.14,2.780466943255025E-4-3999460.7496972946i,-5.874945589751363
0.25,0.14,4.906978847492916E-10-4163043.9398185536i,0.20011496845279478
0.25,0.14,1.5761382719147933E-9-4774121.066908234i,-5.028704229490484
0.25,0.15000000000000002,0.01046921064027874-3990477.261633264i,-5.595750624017507
0.25,0.15000000000000002,-1.817104673289733E-5-4000391.5986211575i,-5.241558793835597
0.25,0.15000000000000002,-4166724.078684829i,0.2138109599556846
0.25,0.15000000000000002,-4966603.881957087i,-4.71988067851352
0.25,0.16000000000000003,0.010965472916253105-3991408.0582300364i,-5.119540508267985
0.25,0.16000000000000003,0.0017704242185355096-4001383.3962441836i,-4.809624058218824
0.25,0.16000000000000003,8.28125557573745E-10-4170081.8926887396i,0.22227415263635966
0.25,0.16000000000000003,-5181688.642617827i,-4.559235046542933
0.25,0.17,-0.0076551307226976634-3992339.187745877i,-4.822871861706015
0.25,0.17,1.0729047166216164E-4-4002422.8701505326i,-4.588532099305188
0.25,0.17,-4173082.3162192013i,0.22747930640648706
0.25,0.17,-5409562.871691096i,-4.477773849085301
0.25,0.18000000000000002,0.010089567800914252-3993243.044132506i,-4.616097618485658
0.25,0.18000000000000002,-0.002815163896748517-4003524.705715732i,-4.53266889150777
0.25,0.18000000000000002,-4.904620412483189E-10-4175897.3060381305i,0.23032265356622286
0.25,0.18000000000000002,-5642724.391578069i,-4.447334422706675
0.25,0.19000000000000003,-2.841275042789349E-4-3994113.230622212i,-4.508013172717
0.25,0.19000000000000003,1.754479807319287E-4-4004732.237132839i,-4.445449595203569
0.25,0.19000000000000003,-4178759.962963659i,0.2316038920675522
0.25,0.19000000000000003,-5872829.264631102i,-4.452962366274768
0.25,0.2,-0.004756386741605177-3994945.28585494i,-4.434571875574307
0.25,0.2,2.078557125731948E-4-4006113.213458157i,-4.4256871916701686
0.25,0.2,-4182290.453839767i,0.23170155984770607
0.25,0.2,-6094194.293000063i,-4.485188396825313
0.25,0.21000000000000002,-0.0030644967705699363-3995718.944435494i,-4.39361950112133
0.25,0.21000000000000002,-3.1025869894473513E-5-4007660.3632950145i,-4.431946217748413
0.25,0.21000000000000002,-4.816200522214578E-10-4185467.481960551i,0.23106355175896595
0.25,0.21000000000000002,-5.779136884970143E-9-6300116.659659794i,-4.5312231179686755
0.25,0.22000000000000003,1.6580684447770362E-4-3996463.9791829158i,-4.380073392883547
0.25,0.22000000000000003,-7.660112407472073E-5-4009253.56053168i,-4.463128503782046
0.25,0.22000000000000003,7.373620091025935E-10-4187908.0763175017i,0.22954474084421533
0.25,0.22000000000000003,-6491003.545318861i,-4.603845507291823
0.25,0.23,-0.0010540450035374743-3984034.285605117i,-1.4255383419560002
0.25,0.23,1.406188576531146E-4-3997184.3649297557i,-4.360037254858952
0.25,0.23,3.957152109734423E-5-4011013.362574634i,-4.576298023189728
0.25,0.23,1.2996201601155414E-9-4190489.7114072167i,0.22794627484924135
0.25,0.24000000000000002,8.382644946176037E-4-3984148.4475946906i,-1.3538167995797177
0.25,0.24000000000000002,-6.406021607330911E-5-3997877.087972066i,-4.353912719373774
0.25,0.24000000000000002,2.5782220370194852E-5-4012844.05200916i,-4.759744376478575
0.25,0.24000000000000002,6.412145014610415E-10-4192661.215927028i,0.2257590973672957
0.25,0.25,7.548372530974827E-4-3984245.3086718614i,-1.2869126967119575
0.25,0.25,-2.2593017175916071E-4-3998521.6481805593i,-4.353043165601626
0.25,0.25,1.2173670308578534E-6-4015128.2920118226i,-5.0341319102011495
0.25,0.25,-7.97298851517621E-10-4195358.7841244545i,0.2234178720831936
0.25,0.26,6.653380402919373E-4-3984331.4202482086i,-1.2263718292038401
0.25,0.26,-4.6422867708136115E-4-3999130.54051777i,-4.357432540942303
0.25,0.26,-2.6277601355448174E-5-4017719.0239842925i,-5.457979833791939
0.25,0.26,-1.110337864892967E-9-4197826.655904696i,0.22089779097001186
0.25,0.27,-0.001078260438990767-3984409.7137352456i,-1.1701165242516227
0.25,0.27,-2.1413444827511358E-4-3999707.3687212854i,-4.36514253435095
0.25,0.27,-4.182873467831441E-6-4020698.1522875964i,-6.1761734820316745
0.25,0.27,-4200272.077045984i,0.21814554903588648
0.26,0.020000000000000018,0.005064121256898749-3988060.397599384i,52.7049926493225
0.26,0.020000000000000018,4.8141319914164234E-4-3997766.4911830034i,-65.91941983573909
0.26,0.020000000000000018,-4160422.85709773i,-7.672845659113539E-5
0.26,0.020000000000000018,-4443007.558504701i,12943.05787717181
0.26,0.03000000000000002,0.007741382180676634-3988064.4471650547i,50.644191750334905
0.26,0.03000000000000002,0.0018090246401999202-3997770.2548839203i,-59.890273333596745
0.26,0.03000000000000002,-1.189629788335143E-9-4160551.728414377i,-8.231369012211778E-4
0.26,0.03000000000000002,-4443191.106106554i,1192.4992696088113
0.26,0.04000000000000002,-2.015454996462332E-4-3988064.7851034626i,50.69159922712001
0.26,0.04000000000000002,-0.0037672560957666182-3997725.0764465122i,-53.1345212834796
0.26,0.04000000000000002,5.875950889529795E-10-4160124.8931275597i,-2.7789189976319386E-4
0.26,0.04000000000000002,-4442182.058160048i,3506.5678144903623
0.26,0.05000000000000002,-0.004092799636667087-3988061.0613037627i,52.95420265192208
0.26,0.05000000000000002,-0.0015215872854828138-3997721.3813915914i,-69.57614135219617
0.26,0.05000000000000002,-4159979.5856272425i,-2.0917659481504706E-4
0.26,0.05000000000000002,-4442118.376043555i,4638.53453059209
0.26,0.06000000000000002,7.857300477087586E-4-3988062.221514059i,52.896045587111274
0.26,0.06000000000000002,0.002104396255520986-3997729.4943639194i,-80.80929747729479
0.26,0.06000000000000002,6.077282362136396E-10-4160107.0573109933i,-8.411950909172411E-4
0.26,0.06000000000000002,-4442321.951722775i,1172.0338524262045
0.26,0.07000000000000002,0.0023009728111525597-3988055.8011400746i,53.215095556927
0.26,0.07000000000000002,0.001606502654845937-3997697.6297990456i,-86.17947898639521
0.26,0.07000000000000002,-4159754.470394367i,-8.544778281079394E-4
0.26,0.07000000000000002,7.363325911892664E-10-4441303.94079809i,1155.483984329596
0.26,0.08000000000000002,-0.004016193337828897-3988057.501480128i,52.69590175075307
0.26,0.08000000000000002,5.375733050194076E-4-3997672.4234177046i,-64.64060023293786
0.26,0.08000000000000002,-4159486.692752902i,-1.1326693678074332E-4
0.26,0.08000000000000002,5.50836652041705E-10-4440942.201680638i,8744.854956189081
0.26,0.09000000000000002,-0.0012545958088012532-3988056.564937808i,52.86646538441089
0.26,0.09000000000000002,6.30950057228771E-4-3997675.8056012816i,-83.18263679307647
0.26,0.09000000000000002,-4159540.122625634i,-9.606680231771288E-4
0.26,0.09000000000000002,-4440944.142540767i,1029.9227009027018
0.26,0.10000000000000002,0.002951863400353114-3988057.52857735i,52.733554873427735
0.26,0.10000000000000002,-0.003824874829602986-3997669.679855322i,-87.36503239739422
0.26,0.10000000000000002,-4159463.735331118i,-0.0011832315660672498
0.26,0.10000000000000002,-4440897.080328725i,836.6447353770582
0.26,0.11000000000000001,-0.0010038882163158358-3988061.738865785i,48.919924551342305
0.26,0.11000000000000001,2.519432386805325E-4-3997821.3187353513i,-41.1605637152921
0.26,0.11000000000000001,-4160813.0740583087i,5.027899215435064E-4
0.26,0.11000000000000001,-4444005.869585041i,-1906.7278138441802
0.26,0.12000000000000002,0.018657325651423574-3988612.56541175i,-31.44038956613141
0.26,0.12000000000000002,-1.1447610026109751E-4-3998288.111671613i,-15.381980495538428
0.26,0.12000000000000002,-4.758538877565514E-10-4166667.604863386i,0.06747371519051266
0.26,0.12000000000000002,1.6635273992761377E-9-4548376.442539699i,-14.839886815765922
0.26,0.13,0.03414584240898899-3989318.5865226905i,-13.232277426877307
0.26,0.13,-0.0039717078297899005-3999040.7672310905i,-9.358896362025328
0.26,0.13,6.210822006764457E-10-4172781.787094855i,0.11402444787452355
0.26,0.13,-4688555.396943613i,-8.784007317437464
0.26,0.14,0.007097304240700545-3990152.144597666i,-8.991169161269994
0.26,0.14,-0.0010386704969623038-3999881.510077422i,-7.165662796569954
0.26,0.14,-4177948.5588928545i,0.1457793378463227
0.26,0.14,-4860206.712184134i,-6.879640112096568
0.26,0.15000000000000002,0.0035732734414836266-3991081.7977263117i,-7.221570349300706
0.26,0.15000000000000002,-0.0031455408949272934-4000814.8650518768i,-5.983495429680558
0.26,0.15000000000000002,-4182626.02980205i,0.16784334461981623
0.26,0.15000000000000002,-5060171.301707282i,-5.989224822953383
0.26,0.16000000000000003,-0.0030907018943435497-3992033.5376895824i,-6.32578855683522
0.26,0.16000000000000003,0.0012520520551579668-4001824.213775832i,-5.259968368350763
0.26,0.16000000000000003,4.480916508467106E-9-4186709.3906339374i,0.18308909501128118
0.26,0.16000000000000003,-5280807.1143177785i,-5.510579558796458
0.26,0.17,0.002907376553244964-3992975.783673757i,-5.810133005826724
0.26,0.17,4.2771909146638553E-4-4002895.8189495867i,-4.8182805751592594
0.26,0.17,7.972646913121642E-10-4190397.223095538i,0.1934807772678758
0.26,0.17,-5512608.973389176i,-5.241772974616962
0.26,0.18000000000000002,-0.001694374265806663-3993886.430488526i,-5.50495778864727
0.26,0.18000000000000002,-9.123903506240125E-5-4004081.452070296i,-4.458159072100808
0.26,0.18000000000000002,-4193927.5750198974i,0.20093564854113027
0.26,0.18000000000000002,-5746755.641685483i,-5.078923539708838
0.26,0.19000000000000003,-0.006968528290279738-3994748.254679687i,-5.260962010233122
0.26,0.19000000000000003,0.00138622606095626-4005320.584733719i,-4.335130224075173
0.26,0.19000000000000003,-4197051.471960961i,0.20582610507499322
0.26,0.19000000000000003,-5976069.035375783i,-4.992041647536674
0.26,0.2,0.012730634852927934-3995564.431513929i,-5.1227923920455005
0.26,0.2,-0.001796459065954443-4006730.0133727137i,-4.159308359629875
0.26,0.2,-2.2534197428951147E-9-4200155.344387768i,0.209158437702904
0.26,0.2,3.746990871779198E-9-6194381.402626187i,-4.952831681308017
0.26,0.21000000000000002,-2.9223750295827365E-4-3996336.9740904532i,-4.985926201353262
0.26,0.21000000000000002,-2.3419903312616342E-4-4008346.305624652i,-4.111287991461468
0.26,0.21000000000000002,4.719283063502933E-10-4203581.027164578i,0.21143188328272208
0.26,0.21000000000000002,1.065293837528129E-9-6405338.025318232i,-4.937894504183408
0.26,0.22000000000000003,0.0027312576883639465-3983957.5758656235i,-1.5201137020275206
0.26,0.22000000000000003,0.0010399276426208946-3997055.889898512i,-4.951977343164851
0.26,0.22000000000000003,-1.587565066376925E-4-4010259.498450559i,-3.8942763769587776
0.26,0.22000000000000003,-4206795.650491869i,0.21249730639664852
0.26,0.23,-0.008096496720812876-3984079.150029992i,-1.4262632493809235
0.26,0.23,3.7782571413116234E-4-3997740.6178673604i,-4.9039336110208165
0.26,0.23,-5.372046434519902E-5-4012297.4467954827i,-3.8418217500185956
0.26,0.23,-4210191.066529993i,0.21238245133767839
0.26,0.24000000000000002,5.891145881367708E-4-3984186.230859999i,-1.338988525702274
0.26,0.24000000000000002,1.1187355457415003E-4-3998390.639046125i,-4.839476276703496
0.26,0.24000000000000002,9.11626512429806E-6-4014565.189920784i,-3.8228348727144033
0.26,0.24000000000000002,-4212959.375384774i,0.21281534586336304
0.26,0.25,0.007130927511789861-3984279.6474403045i,-1.2733368996098433
0.26,0.25,6.632928174435627E-5-3999024.8553629685i,-4.832100808614114
0.26,0.25,2.996699309262445E-6-4016877.254690447i,-3.767447099822204
0.26,0.25,-9.225736943284761E-10-4214787.850152095i,0.2118210216086977
0.26,0.26,-6.891765333790625E-4-3984362.45010303i,-1.2060981491596683
0.26,0.26,-4.502529916008778E-4-3999603.51421601i,-4.804416975577625
0.26,0.26,-1.1671431889007954E-6-4019872.3772677877i,-3.8050297926100005
0.26,0.26,-4217482.915640789i,0.21086489139655187
0.26,0.27,-0.0022259961246551925-3984438.026547696i,-1.1452095645713818
0.26,0.27,3.346455679602671E-4-4000148.2761421856i,-4.784893694627098
0.26,0.27,-1.7923605486285808E-6-4023332.4046439785i,-3.8929983773984813
0.26,0.27,-4220027.984317349i,0.20965322209741494
0.27,0.020000000000000018,-6.041170318496757E-4-3989132.9256780497i,68.58160417928988
0.27,0.020000000000000018,-3.892706555941185E-4-3998955.9564817087i,-44.884021791222565
0.27,0.020000000000000018,-4.947032919780972E-10-4177931.1464456846i,0.0018406733315207429
0.27,0.020000000000000018,-4644226.77481394i,-518.862784818348
0.27,0.03000000000000002,0.0023616179350705365-3989135.8516341033i,69.91094295069334
0.27,0.03000000000000002,2.835049516595127E-4-3998904.1309532304i,-69.98429502611542
0.27,0.03000000000000002,9.834968877494998E-10-4177550.1711514094i,3.102676727443171E-5
0.27,0.03000000000000002,-4643061.752927431i,-29808.281523181096
0.27,0.04000000000000002,3.4463058308327505E-5-3989141.172728302i,67.51013142927958
0.27,0.04000000000000002,-8.426182273367466E-7-3998960.4081403133i,-73.2713727198755
0.27,0.04000000000000002,-4178155.9832458543i,-7.217589620494232E-4
0.27,0.04000000000000002,-4644812.520205022i,1330.1332806704313
0.27,0.05000000000000002,5.666291617840785E-4-3989139.12671928i,71.34801777245818
0.27,0.05000000000000002,-0.0015664072250690267-3998887.0255072033i,-76.38585640247673
0.27,0.05000000000000002,-1.3044719938075493E-9-4177462.03301907i,4.450308807789213E-5
0.27,0.05000000000000002,-4643188.775796965i,-22136.557087596426
0.27,0.06000000000000002,0.008457831422606732-3989139.194079872i,71.06000904716035
0.27,0.06000000000000002,-7.966002334677618E-4-3998916.2946688556i,-72.47149367177654
0.27,0.06000000000000002,-1.1448047909008002E-9-4177659.7913505184i,1.8639630195371076E-4
0.27,0.06000000000000002,-4643870.871252845i,-5365.3926952659585
0.27,0.07000000000000002,0.002888977500037209-3989139.1221164265i,71.90215260677785
0.27,0.07000000000000002,1.949358598353113E-4-3998912.6693178862i,-92.80270527214527
0.27,0.07000000000000002,-4177703.3428083207i,-3.9870543718634367E-4
0.27,0.07000000000000002,-4643644.328634555i,2419.442685685705
0.27,0.08000000000000002,5.556545700221293E-4-3989130.3937995685i,71.2539868514283
0.27,0.08000000000000002,3.158006082306754E-4-3998892.4361791564i,-119.8896922201621
0.27,0.08000000000000002,-4177425.075943801i,-0.001086789407807609
0.27,0.08000000000000002,5.853540151425903E-10-4642887.542833162i,888.5325250658301
0.27,0.09000000000000002,-0.006559936043282638-3989132.4633936184i,69.14829365316332
0.27,0.09000000000000002,0.004138534020077015-3998877.719109387i,-101.57993028626069
0.27,0.09000000000000002,1.1199701343364395E-9-4177293.2838440067i,-0.0012429299780233217
0.27,0.09000000000000002,-4642783.782957524i,779.1262365776694
0.27,0.10000000000000002,-7.560479049863942E-4-3989133.6438316675i,70.44790104010023
0.27,0.10000000000000002,0.002295588447775537-3998868.6117768777i,-111.89484015301956
0.27,0.10000000000000002,-4177210.2720579235i,-0.0011608948153745567
0.27,0.10000000000000002,-4642622.535120491i,835.6602129942063
0.27,0.11000000000000001,-0.0025403735863085653-3989134.019902153i,71.07470943561569
0.27,0.11000000000000001,0.0010574757511357285-3998845.586933813i,-102.16266689222881
0.27,0.11000000000000001,-4177006.502505404i,-8.195048785957155E-4
0.27,0.11000000000000001,-4642103.438267184i,1187.4960631897632
0.27,0.12000000000000002,4.369651431655879E-4-3989135.8975984305i,71.59023584131052
0.27,0.12000000000000002,-0.0014687376063547224-3998955.96562502i,-93.22636035571895
0.27,0.12000000000000002,-4178087.6566678444i,-4.317449886841374E-4
0.27,0.12000000000000002,-4644411.010979308i,2222.409382544755
0.27,0.13,0.0037368282144875837-3989903.4149001604i,-32.34483677643814
0.27,0.13,-3.8372354395967725E-4-3999520.3481937684i,-16.033467425310082
0.27,0.13,-8.770734075559929E-10-4185043.976852076i,0.05357161926925724
0.27,0.13,-4787195.275564314i,-18.627796668092834
0.27,0.14,0.009049480000982555-3990792.0093571874i,-14.608072529233253
0.27,0.14,0.0026420548960691937-4000342.9362386405i,-9.6211684697891
0.27,0.14,-4192032.650191217i,0.09307996097620987
0.27,0.14,-7.237297941866242E-10-4965413.832259033i,-10.723864416705817
0.27,0.15000000000000002,-2.236863965848217E-4-3991742.073869412i,-10.197130325944935
0.27,0.15000000000000002,0.0015812433309990018-4001263.8353595915i,-7.252260349724819
0.27,0.15000000000000002,-4198025.9449061565i,0.12175489444914159
0.27,0.15000000000000002,-5170522.353053024i,-8.21160861262784
0.27,0.16000000000000003,-0.011843113850825749-3992714.783045771i,-8.297320122461592
0.27,0.16000000000000003,8.875948000624907E-4-4002305.4841583255i,-5.974321062962006
0.27,0.16000000000000003,-4203502.624771717i,0.14280480165981546
0.27,0.16000000000000003,-5395385.201199734i,-7.021239563607255
0.27,0.17,-0.0019338667132380416-3993654.3305041105i,-7.297648220365872
0.27,0.17,-7.051039095888889E-4-4003434.891926018i,-5.161854201088037
0.27,0.17,6.148897232692557E-10-4208252.147446087i,0.15837141035332886
0.27,0.17,-5628892.127705518i,-6.358160071864492
0.27,0.18000000000000002,0.001392731315008603-3994552.828906717i,-6.700575069508659
0.27,0.18000000000000002,-5.101042657158318E-4-4004649.709262267i,-4.614243915902971
0.27,0.18000000000000002,-4212345.302692261i,0.16984498595009173
0.27,0.18000000000000002,-5861882.983026728i,-5.965350552411063
0.27,0.19000000000000003,2.8022445323432673E-4-3995409.1055700937i,-6.339066753463862
0.27,0.19000000000000003,-5.029440473257124E-4-4006012.102319266i,-4.152877110902148
0.27,0.19000000000000003,-4216444.059428992i,0.17829425682650515
0.27,0.19000000000000003,-1.4879850893659942E-9-6088932.653615229i,-5.7256466180775965
0.27,0.2,-8.753734102851739E-4-3996207.019236613i,-6.0508997594060405
0.27,0.2,6.175121931980978E-4-4007483.7236087103i,-3.872823673263777
0.27,0.2,-4220019.285184225i,0.1846456723862519
0.27,0.2,-6304809.730417093i,-5.5741688261809035
0.27,0.21000000000000002,-3.1780089848833655E-4-3996955.1327751335i,-5.840954306452472
0.27,0.21000000000000002,-3.072367914356594E-4-4009159.892099865i,-3.634942188643715
0.27,0.21000000000000002,-4223301.502168072i,0.18937046136844132
0.27,0.21000000000000002,-6507221.7040357785i,-5.484061723369321
0.27,0.22000000000000003,5.86511257511072E-4-3984014.557914019i,-1.5402989191079728
0.27,0.22000000000000003,-6.08356894766133E-4-3997657.526761892i,-5.664690708014894
0.27,0.22000000000000003,-1.494643453572831E-4-4011133.623532171i,-3.454716004962811
0.27,0.22000000000000003,-4227110.814168219i,0.19280003456243397
0.27,0.23,6.115382182411911E-4-3984127.0693464004i,-1.4335225475897548
0.27,0.23,9.488398394216053E-4-3998302.2267085733i,-5.549411292862894
0.27,0.23,-1.903794092796704E-4-4013358.815153219i,-3.231993081278858
0.27,0.23,-7.444719278873147E-10-4229966.406592087i,0.19549158390510732
0.27,0.24000000000000002,-0.00124909003924014-3984225.6006839885i,-1.3414968504395433
0.27,0.24000000000000002,6.688973101012307E-4-3998925.448170469i,-5.46378167323309
0.27,0.24000000000000002,-6.893144643853934E-6-4016042.380740068i,-2.9948213341864247
0.27,0.24000000000000002,-4233255.616085303i,0.19736480011669474
0.27,0.25,-0.0019212263009645751-3984314.4231450097i,-1.2583137902771373
0.27,0.25,-2.162437203820851E-4-3999516.6179980766i,-5.382954486417224
0.27,0.25,-6.8838206643164605E-6-4018941.5508235386i,-2.9048643246712156
0.27,0.25,-4236520.674996129i,0.19768291910726837
0.27,0.26,0.0014209744100295003-3984392.649839753i,-1.1906232863048676
0.27,0.26,-3.465421127302521E-5-4000066.210754661i,-5.333510892505083
0.27,0.26,-1.0728991852467005E-6-4022088.7012214134i,-2.7115143600348466
0.27,0.26,-4238703.6741845i,0.19859327384766368
0.27,0.27,0.0038533159792282366-3984465.509552575i,-1.1247837126817954
0.27,0.27,-1.5522842305537533E-4-4000578.4245127463i,-5.2758042963856715
0.27,0.27,-3.130781523475326E-7-4026001.9181813505i,-2.6044384434223224
0.27,0.27,-4241363.234993959i,0.19881634550637625
